run,AP,AP50,AP_small,AP_vt,AP_t,AP_s,params_M,GFLOPs,median_ms
llvip_yolo26n_visible,0.5195,0.8999,0.0933,,,0.0933,2.5042,5.8922,17.21
llvip_yolo26n_thermal,0.6409,0.9615,0.0642,,,0.0643,2.5042,5.8922,16.98
llvip_concat,0.6495,0.9676,0.1274,,,0.1276,4.0673,9.7081,23.444
llvip_cffm,0.6289,0.9576,0.0885,,,0.0885,6.0313,18.3875,41.9056
llvip_cffm_nogate,0.6257,0.9596,0.0645,,,0.0645,6.0088,18.1386,41.087
llvip_cffm_gconv,0.6279,0.9597,0.0612,,,0.0615,6.1537,18.2952,34.6948
m3fd_concat,0.5047,0.782,0.3149,0.0641,0.2215,0.4455,4.0692,9.7189,24.0353
m3fd_cffm,0.479,0.7726,0.2974,0.0595,0.1899,0.4275,6.0326,18.4092,42.4553
llvip_cffm_nop2b,0.635,0.9604,0.075,,,0.075,,,
llvip_concat_p2,0.6321,0.9622,0.0556,,,0.0557,,,
