key,category,name,status,file,title,source,note
yolo26_2026,01_detectors,YOLO26,downloaded,01_detectors/2026_YOLO26_2606.03748.pdf,Ultralytics YOLO26: Unified Real-Time End-to-End Vision Models,https://arxiv.org/abs/2606.03748,
wang2024yolov10,01_detectors,YOLOv10,downloaded,01_detectors/2024_YOLOv10_2405.14458.pdf,YOLOv10: Real-Time End-to-End Object Detection,https://arxiv.org/abs/2405.14458,
tian2025yolov12,01_detectors,YOLOv12,downloaded,01_detectors/2025_YOLOv12_2502.12524.pdf,YOLOv12: Attention-Centric Real-Time Object Detectors,https://arxiv.org/abs/2502.12524,
lei2025yolov13,01_detectors,YOLOv13,downloaded,01_detectors/2025_YOLOv13_2506.17733.pdf,YOLOv13: Real-Time Object Detection with Hypergraph-Enhanced Adaptive Visual Perception,https://arxiv.org/abs/2506.17733,
robinson2025rfdetr,01_detectors,RF-DETR,downloaded,01_detectors/2025_RF-DETR_2511.09554.pdf,RF-DETR: Neural Architecture Search for Real-Time Detection Transformers,https://arxiv.org/abs/2511.09554,
rtdetrv4_2025,01_detectors,RT-DETRv4,downloaded,01_detectors/2025_RT-DETRv4_2510.25257.pdf,RT-DETRv4: Painlessly Furthering Real-Time Object Detection with Vision Foundation Models,https://arxiv.org/abs/2510.25257,
deimv2_2025,01_detectors,DEIMv2,downloaded,01_detectors/2025_DEIMv2_2509.20787.pdf,Real-Time Object Detection Meets DINOv3,https://arxiv.org/abs/2509.20787,
huang2025deim,01_detectors,DEIM,downloaded,01_detectors/2024_DEIM_2412.04234.pdf,DEIM: DETR with Improved Matching for Fast Convergence,https://arxiv.org/abs/2412.04234,
peng2025dfine,01_detectors,D-FINE,downloaded,01_detectors/2024_D-FINE_2410.13842.pdf,D-FINE: Redefine Regression Task in DETRs as Fine-grained Distribution Refinement,https://arxiv.org/abs/2410.13842,
zhao2024rtdetr,01_detectors,RT-DETR,downloaded,01_detectors/2023_RT-DETR_2304.08069.pdf,DETRs Beat YOLOs on Real-time Object Detection,https://arxiv.org/abs/2304.08069,
zong2023codetr,01_detectors,Co-DETR,downloaded,01_detectors/2022_Co-DETR_2211.12860.pdf,DETRs with Collaborative Hybrid Assignments Training,https://arxiv.org/abs/2211.12860,
lyu2022rtmdet,01_detectors,RTMDet,downloaded,01_detectors/2022_RTMDet_2212.07784.pdf,RTMDet: An Empirical Study of Designing Real-Time Object Detectors,https://arxiv.org/abs/2212.07784,
lin2017fpn,01_detectors,FPN,downloaded,01_detectors/2016_FPN_1612.03144.pdf,Feature Pyramid Networks for Object Detection,https://arxiv.org/abs/1612.03144,
liu2018panet,01_detectors,PANet,downloaded,01_detectors/2018_PANet_1803.01534.pdf,Path Aggregation Network for Instance Segmentation,https://arxiv.org/abs/1803.01534,
yolo11_2024,01_detectors,YOLO11,not downloaded,,,,"software release, no paper: https://github.com/ultralytics/ultralytics"
gu2022s4,02_state_space_models,S4,downloaded,02_state_space_models/2021_S4_2111.00396.pdf,Efficiently Modeling Long Sequences with Structured State Spaces,https://arxiv.org/abs/2111.00396,
smith2023s5,02_state_space_models,S5,downloaded,02_state_space_models/2022_S5_2208.04933.pdf,Simplified State Space Layers for Sequence Modeling,https://arxiv.org/abs/2208.04933,
gu2023mamba,02_state_space_models,Mamba,downloaded,02_state_space_models/2023_Mamba_2312.00752.pdf,Mamba: Linear-Time Sequence Modeling with Selective State Spaces,https://arxiv.org/abs/2312.00752,
dao2024mamba2,02_state_space_models,Mamba-2,downloaded,02_state_space_models/2024_Mamba-2_2405.21060.pdf,Transformers are SSMs: Generalized Models and Efficient Algorithms Through Structured State Space Duality,https://arxiv.org/abs/2405.21060,
han2024mlla,02_state_space_models,MLLA,downloaded,02_state_space_models/2024_MLLA_2405.16605.pdf,Demystify Mamba in Vision: A Linear Attention Perspective,https://arxiv.org/abs/2405.16605,
dao2023flash2,02_state_space_models,FlashAttention-2,downloaded,02_state_space_models/2023_FlashAttention-2_2307.08691.pdf,FlashAttention-2: Faster Attention with Better Parallelism and Work Partitioning,https://arxiv.org/abs/2307.08691,
zhu2024vim,02_state_space_models,Vim,downloaded,02_state_space_models/2024_Vim_2401.09417.pdf,Vision Mamba: Efficient Visual Representation Learning with Bidirectional State Space Model,https://arxiv.org/abs/2401.09417,
liu2024vmamba,02_state_space_models,VMamba,downloaded,02_state_space_models/2024_VMamba_2401.10166.pdf,VMamba: Visual State Space Model,https://arxiv.org/abs/2401.10166,
huang2024localmamba,02_state_space_models,LocalMamba,downloaded,02_state_space_models/2024_LocalMamba_2403.09338.pdf,LocalMamba: Visual State Space Model with Windowed Selective Scan,https://arxiv.org/abs/2403.09338,
xiao2025spatialmamba,02_state_space_models,Spatial-Mamba,downloaded,02_state_space_models/2024_Spatial-Mamba_2410.15091.pdf,Spatial-Mamba: Effective Visual State Space Models via Structure-aware State Fusion,https://arxiv.org/abs/2410.15091,
damamba2025,02_state_space_models,DAMamba,downloaded,02_state_space_models/2025_DAMamba_2502.12627.pdf,DAMamba: Vision State Space Model with Dynamic Adaptive Scan,https://arxiv.org/abs/2502.12627,
a2mamba2025,02_state_space_models,A2Mamba,downloaded,02_state_space_models/2025_A2Mamba_2507.16624.pdf,A2Mamba: Attention-augmented State Space Models for Visual Recognition,https://arxiv.org/abs/2507.16624,
prismamba2026,02_state_space_models,PRISMamba,downloaded,02_state_space_models/2026_PRISMamba_2602.04170.pdf,Partial Ring Scan: Revisiting Scan Order in Vision State Space Models,https://arxiv.org/abs/2602.04170,
vnct2026,02_state_space_models,VNCT,downloaded,02_state_space_models/2026_VNCT_2607.03589.pdf,Vision Non-Causal Trapezoidal Mamba: Eliminating Directional Scanning in Vision SSMs with Second-Order Dynamics,https://arxiv.org/abs/2607.03589,
graphscan2026,02_state_space_models,GraphScan,downloaded,02_state_space_models/2026_GraphScan_2605.11300.pdf,Can Graphs Help Vision SSMs See Better?,https://arxiv.org/abs/2605.11300,
cgspn2026,02_state_space_models,C-GSPN,downloaded,02_state_space_models/2026_C-GSPN_2606.00746.pdf,Scaling Parallel Sequence Models to Foundation-Scale Vision Encoders,https://arxiv.org/abs/2606.00746,
sfmamba2026,02_state_space_models,SF-Mamba,downloaded,02_state_space_models/2026_SF-Mamba_2603.16423.pdf,SF-Mamba: Rethinking State Space Model for Vision,https://arxiv.org/abs/2603.16423,
yu2025mambaout,02_state_space_models,MambaOut,downloaded,02_state_space_models/2024_MambaOut_2405.07992.pdf,MambaOut: Do We Really Need Mamba for Vision?,https://arxiv.org/abs/2405.07992,
hatamizadeh2025mambavision,02_state_space_models,MambaVision,downloaded,02_state_space_models/2024_MambaVision_2407.08083.pdf,MambaVision: A Hybrid Mamba-Transformer Vision Backbone,https://arxiv.org/abs/2407.08083,
xie2024quadmamba,02_state_space_models,QuadMamba,downloaded,02_state_space_models/2024_QuadMamba_2410.06806.pdf,QuadMamba: Learning Quadtree-based Selective Scan for Visual State Space Model,https://arxiv.org/abs/2410.06806,
objm2025,02_state_space_models,ObjM,not found,,,,no arXiv match
wang2025mambayolo,03_mamba_detectors,Mamba-YOLO,downloaded,03_mamba_detectors/2024_Mamba-YOLO_2406.05835.pdf,Mamba YOLO: A Simple Baseline for Object Detection with State Space Model,https://arxiv.org/abs/2406.05835,
mambapsa2026,03_mamba_detectors,MambaPSA,downloaded,03_mamba_detectors/2026_MambaPSA_2607.12681.pdf,MambaPSA: A Mamba-based Replacement for C2PSA in YOLO26,https://arxiv.org/abs/2607.12681,
yolo12mambascan2026,03_mamba_detectors,YOLO12-MambaScan,downloaded,03_mamba_detectors/2026_YOLO12-MambaScan_2609.13647.pdf,YOLO12-MambaScan: An Efficient Object Detector with High-Frequency Enhancement and State-Space Modeling,https://arxiv.org/abs/2609.13647,
scopemamba2026,03_mamba_detectors,ScopeMamba-YOLO,downloaded,03_mamba_detectors/2026_ScopeMamba-YOLO_2609.10156.pdf,ScopeMamba-YOLO: Widening the Perceptual Scope Inward and Outward for Small Object Detection in Remote Sensing Imagery,https://arxiv.org/abs/2609.10156,
hdmambayolo2026,03_mamba_detectors,HDMamba-YOLO,downloaded,03_mamba_detectors/2026_HDMamba-YOLO_2609.23061.pdf,HDMamba-YOLO: Efficient State-Space Perception and Local Spatial Reconstruction for UAV Small Object,https://arxiv.org/abs/2609.23061,
akcmamba2026,03_mamba_detectors,AKCMamba-YOLO,not found,,,,no arXiv match
mambanextyolo2025,03_mamba_detectors,MambaNeXt-YOLO,downloaded,03_mamba_detectors/2025_MambaNeXt-YOLO_2506.03654.pdf,MambaNeXt-YOLO: A Hybrid State Space Model for Real-time Object Detection,https://arxiv.org/abs/2506.03654,
lcmamnet2026,03_mamba_detectors,LCMamNet,downloaded,03_mamba_detectors/2026_LCMamNet_2607.24184.pdf,LCMamNet: A Lightweight Cross-scale Mamba Network for Infrared Small Target Detection,https://arxiv.org/abs/2607.24184,
sfdnet2026,04_small_objects,SFDNet,downloaded,04_small_objects/2026_SFDNet_2606.29029.pdf,Adaptive Spectrum-Aware Feature Disentangled Network for Small Object Detection,https://arxiv.org/abs/2606.29029,
dernet2026,04_small_objects,DERNet,downloaded,04_small_objects/2026_DERNet_2606.23825.pdf,"From Spatial to Spectral: An Efficient, Frequency-Guided Feature Representation Learner for Small Object Detection",https://arxiv.org/abs/2606.23825,
o2deim2026,04_small_objects,O2-DEIM,downloaded,04_small_objects/2026_O2-DEIM_2603.15497.pdf,Real-Time Oriented Object Detection Transformer in Remote Sensing Images,https://arxiv.org/abs/2603.15497,
efsidetr2026,04_small_objects,EFSI-DETR,downloaded,04_small_objects/2026_EFSI-DETR_2601.18597.pdf,EFSI-DETR: Efficient Frequency-Semantic Integration for Real-Time Small Object Detection in UAV Imagery,https://arxiv.org/abs/2601.18597,
tolf2026,04_small_objects,TOLF,downloaded,04_small_objects/2026_TOLF_2601.00617.pdf,Noise-Robust Tiny Object Localization with Flows,https://arxiv.org/abs/2601.00617,
domedetr2025,04_small_objects,Dome-DETR,downloaded,04_small_objects/2025_Dome-DETR_2505.05741.pdf,Dome-DETR: DETR with Density-Oriented Feature-Query Manipulation for Efficient Tiny Object Detection,https://arxiv.org/abs/2505.05741,
yuan2026stripr,04_small_objects,Strip-RCNN,downloaded,04_small_objects/2025_Strip-RCNN_2501.03775.pdf,Strip R-CNN: Large Strip Convolution for Remote Sensing Object Detection,https://arxiv.org/abs/2501.03775,
uavdetr2025,04_small_objects,UAV-DETR,downloaded,04_small_objects/2025_UAV-DETR_2501.01855.pdf,UAV-DETR: Efficient End-to-End Object Detection for Unmanned Aerial Vehicle Imagery,https://arxiv.org/abs/2501.01855,
huang2024dqdetr,04_small_objects,DQ-DETR,downloaded,04_small_objects/2024_DQ-DETR_2404.03507.pdf,DQ-DETR: DETR with Dynamic Query for Tiny Object Detection,https://arxiv.org/abs/2404.03507,
wang2020aitod,04_small_objects,AI-TOD,not downloaded,,,,ICPR 2020; no open-access version found (title search returns a different 2024 paper)
xu2022aitodv2,04_small_objects,AI-TODv2-NWD,downloaded,04_small_objects/2022_AI-TODv2-NWD_2206.13996.pdf,Detecting tiny objects in aerial images: A normalized Wasserstein distance and a new benchmark,https://arxiv.org/abs/2206.13996,
wang2021nwd,04_small_objects,NWD,downloaded,04_small_objects/2021_NWD_2110.13389.pdf,A Normalized Gaussian Wasserstein Distance for Tiny Object Detection,https://arxiv.org/abs/2110.13389,
cheng2023soda,04_small_objects,SODA,downloaded,04_small_objects/2022_SODA_2207.14096.pdf,Towards Large-Scale Small Object Detection: Survey and Benchmarks,https://arxiv.org/abs/2207.14096,
yu2020tinyperson,04_small_objects,TinyPerson-ScaleMatch,downloaded,04_small_objects/2019_TinyPerson-ScaleMatch_1912.10664.pdf,Scale Match for Tiny Person Detection,https://arxiv.org/abs/1912.10664,
zhu2021tph,04_small_objects,TPH-YOLOv5,downloaded,04_small_objects/2021_TPH-YOLOv5_2108.11539.pdf,TPH-YOLOv5: Improved YOLOv5 Based on Transformer Prediction Head for Object Detection on Drone-captured Scenarios,https://arxiv.org/abs/2108.11539,
akyon2022sahi,04_small_objects,SAHI,downloaded,04_small_objects/2022_SAHI_2202.06934.pdf,Slicing Aided Hyper Inference and Fine-tuning for Small Object Detection,https://arxiv.org/abs/2202.06934,
wang2025hpsdetr,04_small_objects,HPS-DETR,not downloaded,,,,"IEEE TGRS, not open access; the copy supplied is in 00_source_papers"
yang2026uavdet,04_small_objects,UAVDet,not downloaded,,,,"CVIU, not open access; the copy supplied is in 00_source_papers"
dong2025fusionmamba,05_rgbt_fusion,Fusion-Mamba,downloaded,05_rgbt_fusion/2024_Fusion-Mamba_2404.09146.pdf,Fusion-Mamba for Cross-modality Object Detection,https://arxiv.org/abs/2404.09146,
li2025cfmw,05_rgbt_fusion,CFMW-preprint,downloaded,05_rgbt_fusion/2024_CFMW-preprint_2404.16302.pdf,CFMW: Cross-modality Fusion Mamba for Robust Object Detection under Adverse Weather,https://arxiv.org/abs/2404.16302,
como2024,05_rgbt_fusion,COMO,downloaded,05_rgbt_fusion/2024_COMO_2412.18076.pdf,COMO: Cross-Mamba Interaction and Offset-Guided Fusion for Multimodal Object Detection,https://arxiv.org/abs/2412.18076,
wavemamba2025,05_rgbt_fusion,WaveMamba,downloaded,05_rgbt_fusion/2025_WaveMamba_2507.18173.pdf,WaveMamba: Wavelet-Driven Mamba Fusion for RGB-Infrared Object Detection,https://arxiv.org/abs/2507.18173,
ms2fusion2025,05_rgbt_fusion,MS2Fusion,downloaded,05_rgbt_fusion/2025_MS2Fusion_2507.14643.pdf,Multispectral State-Space Feature Fusion: Bridging Shared and Cross-Parametric Interactions for Object Detection,https://arxiv.org/abs/2507.14643,
mambarefine2025,05_rgbt_fusion,MambaRefine-YOLO,downloaded,05_rgbt_fusion/2025_MambaRefine-YOLO_2511.19134.pdf,MambaRefine-YOLO: A Dual-Modality Small Object Detector for UAV Imagery,https://arxiv.org/abs/2511.19134,
registerbridge2026,05_rgbt_fusion,RegisterBridgeMM,downloaded,05_rgbt_fusion/2026_RegisterBridgeMM_2608.04833.pdf,RegisterBridgeMM: A Register-Centric Framework for RGB-Infrared Object Detection,https://arxiv.org/abs/2608.04833,
cfgpnet2026,05_rgbt_fusion,CFGPNet,downloaded,05_rgbt_fusion/2026_CFGPNet_2608.06205.pdf,CFGPNet: Cross-Attention-Based Fused Gradient Programmed Network Framework for Multispectral Object Detection,https://arxiv.org/abs/2608.06205,
remotedetmamba2024,05_rgbt_fusion,RemoteDet-Mamba,downloaded,05_rgbt_fusion/2024_RemoteDet-Mamba_2410.13532.pdf,RemoteDet-Mamba: A Hybrid Mamba-CNN Network for Multi-modal Object Detection in Remote Sensing Images,https://arxiv.org/abs/2410.13532,
mambast2024,05_rgbt_fusion,MambaST,downloaded,05_rgbt_fusion/2024_MambaST_2408.01037.pdf,MambaST: A Plug-and-Play Cross-Spectral Spatial-Temporal Fuser for Efficient Pedestrian Detection,https://arxiv.org/abs/2408.01037,
dlrmamba2026,05_rgbt_fusion,DLRMamba,downloaded,05_rgbt_fusion/2026_DLRMamba_2603.06920.pdf,DLRMamba: Distilling Low-Rank Mamba for Edge Multispectral Fusion Object Detection,https://arxiv.org/abs/2603.06920,
msdfmamba2025,05_rgbt_fusion,MSDF-Mamba,not found,,,,no arXiv match
cgssm2025,05_rgbt_fusion,CG-SSM-misaligned-fusion,not found,,,,no arXiv match
cbcswca2025,05_rgbt_fusion,CBC-SWCA-position-shift,downloaded,05_rgbt_fusion/2025_CBC-SWCA-position-shift_2502.09311.pdf,Mitigating the Impact of Prominent Position Shift in Drone-based RGBT Object Detection,https://arxiv.org/abs/2502.09311,
qingyun2021cft,05_rgbt_fusion,CFT,downloaded,05_rgbt_fusion/2021_CFT_2111.00273.pdf,Cross-Modality Fusion Transformer for Multispectral Object Detection,https://arxiv.org/abs/2111.00273,
shen2024icafusion,05_rgbt_fusion,ICAFusion,downloaded,05_rgbt_fusion/2023_ICAFusion_2308.07504.pdf,ICAFusion: Iterative Cross-Attention Guided Feature Fusion for Multispectral Object Detection,https://arxiv.org/abs/2308.07504,
chen2022proben,05_rgbt_fusion,ProbEn,downloaded,05_rgbt_fusion/2021_ProbEn_2104.02904.pdf,Multimodal Object Detection via Probabilistic Ensembling,https://arxiv.org/abs/2104.02904,
zubic2024ssmevent,06_video_tracking_streaming,SSMs-for-event-cameras,downloaded,06_video_tracking_streaming/2024_SSMs-for-event-cameras_2402.15584.pdf,State Space Models for Event Cameras,https://arxiv.org/abs/2402.15584,
gehrig2023rvt,06_video_tracking_streaming,RVT,downloaded,06_video_tracking_streaming/2022_RVT_2212.05598.pdf,Recurrent Vision Transformers for Object Detection with Event Cameras,https://arxiv.org/abs/2212.05598,
tmambadet2026,06_video_tracking_streaming,TMambaDet,not found,,,,no arXiv match
segu2025sambamotr,06_video_tracking_streaming,SambaMOTR,downloaded,06_video_tracking_streaming/2024_SambaMOTR_2410.01806.pdf,Samba: Synchronized Set-of-Sequences Modeling for Multiple Object Tracking,https://arxiv.org/abs/2410.01806,
gao2025motip,06_video_tracking_streaming,MOTIP,downloaded,06_video_tracking_streaming/2024_MOTIP_2403.16848.pdf,Multiple Object Tracking as ID Prediction,https://arxiv.org/abs/2403.16848,
matr2025,06_video_tracking_streaming,MATR,downloaded,06_video_tracking_streaming/2025_MATR_2509.21715.pdf,Motion-Aware Transformer for Multi-Object Tracking,https://arxiv.org/abs/2509.21715,
spikingmot2026,06_video_tracking_streaming,SpikingMOT,downloaded,06_video_tracking_streaming/2026_SpikingMOT_2607.19875.pdf,SpikingMOT: A Spike-Driven Multi-Object Tracker,https://arxiv.org/abs/2607.19875,
smp2026,06_video_tracking_streaming,SAM3-mask-propagation,downloaded,06_video_tracking_streaming/2026_SAM3-mask-propagation_2606.13033.pdf,Selective Mask Propagation for Multi-Object Tracking,https://arxiv.org/abs/2606.13033,
zhang2023motrv2,06_video_tracking_streaming,MOTRv2,downloaded,06_video_tracking_streaming/2022_MOTRv2_2211.09791.pdf,MOTRv2: Bootstrapping End-to-End Multi-Object Tracking by Pretrained Object Detectors,https://arxiv.org/abs/2211.09791,
cao2023ocsort,06_video_tracking_streaming,OC-SORT,downloaded,06_video_tracking_streaming/2022_OC-SORT_2203.14360.pdf,Observation-Centric SORT: Rethinking SORT for Robust Multi-Object Tracking,https://arxiv.org/abs/2203.14360,
zhang2022bytetrack,06_video_tracking_streaming,ByteTrack,downloaded,06_video_tracking_streaming/2021_ByteTrack_2110.06864.pdf,ByteTrack: Multi-Object Tracking by Associating Every Detection Box,https://arxiv.org/abs/2110.06864,
aharon2022botsort,06_video_tracking_streaming,BoT-SORT,downloaded,06_video_tracking_streaming/2022_BoT-SORT_2206.14651.pdf,BoT-SORT: Robust Associations Multi-Pedestrian Tracking,https://arxiv.org/abs/2206.14651,
shim2025tracktrack,06_video_tracking_streaming,TrackTrack,downloaded,06_video_tracking_streaming/2025_TrackTrack.pdf,Focusing on Tracks for Online Multi-Object Tracking,https://openaccess.thecvf.com/content/CVPR2025/papers/Shim_Focusing_on_Tracks_for_Online_Multi-Object_Tracking_CVPR_2025_paper.pdf,
mambatrack2024,06_video_tracking_streaming,MambaTrack,downloaded,06_video_tracking_streaming/2024_MambaTrack_2408.09178.pdf,MambaTrack: A Simple Baseline for Multiple Object Tracking with State Space Model,https://arxiv.org/abs/2408.09178,
trackssm2024,06_video_tracking_streaming,TrackSSM,downloaded,06_video_tracking_streaming/2024_TrackSSM_2409.00487.pdf,TrackSSM: A General Motion Predictor by State-Space Model,https://arxiv.org/abs/2409.00487,
li2020streaming,06_video_tracking_streaming,Towards-Streaming-Perception,downloaded,06_video_tracking_streaming/2020_Towards-Streaming-Perception_2005.10420.pdf,Towards Streaming Perception,https://arxiv.org/abs/2005.10420,
yang2022streamyolo,06_video_tracking_streaming,StreamYOLO,downloaded,06_video_tracking_streaming/2022_StreamYOLO_2203.12338.pdf,Real-time Object Detection for Streaming Perception,https://arxiv.org/abs/2203.12338,
li2023longshortnet,06_video_tracking_streaming,LongShortNet,downloaded,06_video_tracking_streaming/2022_LongShortNet_2210.15518.pdf,LongShortNet: Exploring Temporal and Semantic Features Fusion in Streaming Perception,https://arxiv.org/abs/2210.15518,
he2023damostreamnet,06_video_tracking_streaming,DAMO-StreamNet,downloaded,06_video_tracking_streaming/2023_DAMO-StreamNet_2303.17144.pdf,DAMO-StreamNet: Optimizing Streaming Perception in Autonomous Driving,https://arxiv.org/abs/2303.17144,
luiten2021hota,06_video_tracking_streaming,HOTA,downloaded,06_video_tracking_streaming/2020_HOTA_2009.07736.pdf,HOTA: A Higher Order Metric for Evaluating Multi-Object Tracking,https://arxiv.org/abs/2009.07736,
ristani2016idf1,06_video_tracking_streaming,IDF1-performance-measures,downloaded,06_video_tracking_streaming/2016_IDF1-performance-measures_1609.01775.pdf,"Performance Measures and a Data Set for Multi-Target, Multi-Camera Tracking",https://arxiv.org/abs/1609.01775,
msenet2024,06_video_tracking_streaming,MSENet-UVT-VOD2024,downloaded,06_video_tracking_streaming/2024_MSENet-UVT-VOD2024_2410.12143.pdf,Mixture of Scale Experts for Alignment-free RGBT Video Object Detection and A Unified Benchmark,https://arxiv.org/abs/2410.12143,
msgnet2025,06_video_tracking_streaming,MSGNet,downloaded,06_video_tracking_streaming/2025_MSGNet_2504.11779.pdf,Multimodal Spatio-temporal Graph Learning for Alignment-free RGBT Video Object Detection,https://arxiv.org/abs/2504.11779,
einet2023,06_video_tracking_streaming,EINet-VT-VOD50,downloaded,06_video_tracking_streaming/2023_EINet-VT-VOD50_2308.01630.pdf,Erasure-based Interaction Network for RGBT Video Object Detection and A Unified Benchmark,https://arxiv.org/abs/2308.01630,
dchnet2026,06_video_tracking_streaming,DCHNet-DVT-VOD1000,downloaded,06_video_tracking_streaming/2026_DCHNet-DVT-VOD1000_2607.08191.pdf,Dual-Correlation Hypergraph Network for Unaligned RGBT Video Object Detection and A Large-scale Benchmark,https://arxiv.org/abs/2607.08191,
scdt2026,06_video_tracking_streaming,SCDT,downloaded,06_video_tracking_streaming/2026_SCDT_2607.24701.pdf,Spatio-Temporal Conditional Denoising Transformer for Modality-Missing RGBT Tracking,https://arxiv.org/abs/2607.24701,
hgttrack2024,06_video_tracking_streaming,HGT-Track-VT-Tiny-MOT,downloaded,06_video_tracking_streaming/2024_HGT-Track-VT-Tiny-MOT_2412.10861.pdf,Heterogeneous Graph Transformer for Multiple Tiny Object Tracking in RGB-T Videos,https://arxiv.org/abs/2412.10861,
ballas2016convgru,06_video_tracking_streaming,ConvGRU,downloaded,06_video_tracking_streaming/2015_ConvGRU_1511.06432.pdf,Delving Deeper into Convolutional Networks for Learning Video Representations,https://arxiv.org/abs/1511.06432,
williams1990tbptt,06_video_tracking_streaming,TBPTT,not downloaded,,,,"Neural Computation 2(4), 1990; not open access"
lin2014coco,07_datasets,COCO,downloaded,07_datasets/2014_COCO_1405.0312.pdf,Microsoft COCO: Common Objects in Context,https://arxiv.org/abs/1405.0312,
singh2024cocorem,07_datasets,COCO-ReM,downloaded,07_datasets/2024_COCO-ReM_2403.18819.pdf,Benchmarking Object Detectors with COCO: A New Path Forward,https://arxiv.org/abs/2403.18819,
gupta2019lvis,07_datasets,LVIS,downloaded,07_datasets/2019_LVIS_1908.03195.pdf,LVIS: A Dataset for Large Vocabulary Instance Segmentation,https://arxiv.org/abs/1908.03195,
shao2019objects365,07_datasets,Objects365,downloaded,07_datasets/2019_Objects365.pdf,"Objects365: A Large-Scale, High-Quality Dataset for Object Detection",https://openaccess.thecvf.com/content_ICCV_2019/papers/Shao_Objects365_A_Large-Scale_High-Quality_Dataset_for_Object_Detection_ICCV_2019_paper.pdf,
kuznetsova2020openimages,07_datasets,OpenImages-V4,downloaded,07_datasets/2018_OpenImages-V4_1811.00982.pdf,"The Open Images Dataset V4: Unified image classification, object detection, and visual relationship detection at scale",https://arxiv.org/abs/1811.00982,
everingham2010voc,07_datasets,PASCAL-VOC,downloaded,07_datasets/2010_PASCAL-VOC.pdf,The PASCAL Visual Object Classes (VOC) Challenge,http://host.robots.ox.ac.uk/pascal/VOC/pubs/everingham10.pdf,
russakovsky2015imagenet,07_datasets,ImageNet-ILSVRC,downloaded,07_datasets/2014_ImageNet-ILSVRC_1409.0575.pdf,ImageNet Large Scale Visual Recognition Challenge,https://arxiv.org/abs/1409.0575,
zhu2021visdrone,07_datasets,VisDrone,downloaded,07_datasets/2020_VisDrone_2001.06303.pdf,Detection and Tracking Meet Drones Challenge,https://arxiv.org/abs/2001.06303,
du2018uavdt,07_datasets,UAVDT,downloaded,07_datasets/2018_UAVDT_1804.00518.pdf,The Unmanned Aerial Vehicle Benchmark: Object Detection and Tracking,https://arxiv.org/abs/1804.00518,
xia2018dota,07_datasets,DOTA,downloaded,07_datasets/2017_DOTA_1711.10398.pdf,DOTA: A Large-scale Dataset for Object Detection in Aerial Images,https://arxiv.org/abs/1711.10398,
ding2021dotav2,07_datasets,DOTA-v2,downloaded,07_datasets/2021_DOTA-v2_2102.12219.pdf,Object Detection in Aerial Images: A Large-Scale Benchmark and Challenges,https://arxiv.org/abs/2102.12219,
lam2018xview,07_datasets,xView,downloaded,07_datasets/2018_xView_1802.07856.pdf,xView: Objects in Context in Overhead Imagery,https://arxiv.org/abs/1802.07856,
varga2022seadronessee,07_datasets,SeaDronesSee,downloaded,07_datasets/2021_SeaDronesSee_2105.01922.pdf,SeaDronesSee: A Maritime Benchmark for Detecting Humans in Open Water,https://arxiv.org/abs/2105.01922,
xsvid2024,07_datasets,XS-VID,downloaded,07_datasets/2024_XS-VID_2407.18137.pdf,XS-VID: An Extremely Small Video Object Detection Dataset,https://arxiv.org/abs/2407.18137,
tinyset2026,07_datasets,TinySet-9M,downloaded,07_datasets/2026_TinySet-9M_2604.02773.pdf,Generalized Small Object Detection:A Point-Prompted Paradigm and Benchmark,https://arxiv.org/abs/2604.02773,
jia2021llvip,07_datasets,LLVIP,downloaded,07_datasets/2021_LLVIP_2108.10831.pdf,LLVIP: A Visible-infrared Paired Dataset for Low-light Vision,https://arxiv.org/abs/2108.10831,
liu2022tardal,07_datasets,M3FD-TarDAL,downloaded,07_datasets/2022_M3FD-TarDAL_2203.16220.pdf,Target-aware Dual Adversarial Learning and a Multi-scenario Multi-Modality Benchmark to Fuse Infrared and Visible for Object Detection,https://arxiv.org/abs/2203.16220,
hwang2015kaist,07_datasets,KAIST,downloaded,07_datasets/2015_KAIST.pdf,Multispectral Pedestrian Detection: Benchmark Dataset and Baseline,https://openaccess.thecvf.com/content_cvpr_2015/papers/Hwang_Multispectral_Pedestrian_Detection_2015_CVPR_paper.pdf,
li2018kaistsanitized,07_datasets,KAIST-sanitized,downloaded,07_datasets/2018_KAIST-sanitized_1808.04818.pdf,Multispectral Pedestrian Detection via Simultaneous Detection and Segmentation,https://arxiv.org/abs/1808.04818,
zhang2020cfr,07_datasets,FLIR-aligned-CFR,downloaded,07_datasets/2020_FLIR-aligned-CFR_2009.12664.pdf,Multispectral Fusion for Object Detection with Cyclic Fuse-and-Refine Blocks,https://arxiv.org/abs/2009.12664,
sun2022dronevehicle,07_datasets,DroneVehicle,downloaded,07_datasets/2020_DroneVehicle_2003.02437.pdf,Drone-based RGB-Infrared Cross-Modality Vehicle Detection via Uncertainty-Aware Learning,https://arxiv.org/abs/2003.02437,
razakarivony2016vedai,07_datasets,VEDAI,not downloaded,,,,J. Visual Communication and Image Representation 2016; not on arXiv; dataset page: https://downloads.greyc.fr/vedai/
gonzalez2016cvc14,07_datasets,CVC-14,not downloaded,,,,open access but the publisher blocks scripted downloads; download from https://www.mdpi.com/1424-8220/16/6/820
ying2025rgbttiny,07_datasets,RGBT-Tiny,downloaded,07_datasets/2024_RGBT-Tiny_2406.14482.pdf,Visible-Thermal Tiny Object Detection: A Benchmark Dataset and Baselines,https://arxiv.org/abs/2406.14482,
vtmot2024,07_datasets,VT-MOT,downloaded,07_datasets/2024_VT-MOT_2408.00969.pdf,Visible-Thermal Multiple Object Tracking: Large-scale Video Dataset and Progressive Fusion Approach,https://arxiv.org/abs/2408.00969,
m3ot2025,07_datasets,M3OT,not downloaded,,,,open access but the publisher blocks scripted downloads; download from https://www.nature.com/articles/s41597-025-06204-0
mmot2025,07_datasets,MMOT,downloaded,07_datasets/2025_MMOT_2510.12565.pdf,MMOT: The First Challenging Benchmark for Drone-based Multispectral Multi-Object Tracking,https://arxiv.org/abs/2510.12565,
drgbt2026,07_datasets,DRGBT-1K,downloaded,07_datasets/2026_DRGBT-1K_2607.19772.pdf,DRGBT-1K: A Large-scale High-quality Benchmark for Dynamic RGBT Tracking,https://arxiv.org/abs/2607.19772,
milan2016mot16,07_datasets,MOT16-MOT17,downloaded,07_datasets/2016_MOT16-MOT17_1603.00831.pdf,MOT16: A Benchmark for Multi-Object Tracking,https://arxiv.org/abs/1603.00831,
dendorfer2020mot20,07_datasets,MOT20,downloaded,07_datasets/2020_MOT20_2003.09003.pdf,MOT20: A benchmark for multi object tracking in crowded scenes,https://arxiv.org/abs/2003.09003,
sun2022dancetrack,07_datasets,DanceTrack,downloaded,07_datasets/2021_DanceTrack_2111.14690.pdf,DanceTrack: Multi-Object Tracking in Uniform Appearance and Diverse Motion,https://arxiv.org/abs/2111.14690,
cui2023sportsmot,07_datasets,SportsMOT,downloaded,07_datasets/2023_SportsMOT_2304.05170.pdf,SportsMOT: A Large Multi-Object Tracking Dataset in Multiple Sports Scenes,https://arxiv.org/abs/2304.05170,
yu2020bdd100k,07_datasets,BDD100K,downloaded,07_datasets/2018_BDD100K_1805.04687.pdf,BDD100K: A Diverse Driving Dataset for Heterogeneous Multitask Learning,https://arxiv.org/abs/1805.04687,
dave2020tao,07_datasets,TAO,downloaded,07_datasets/2020_TAO_2005.10356.pdf,TAO: A Large-Scale Benchmark for Tracking Any Object,https://arxiv.org/abs/2005.10356,
fan2019lasot,07_datasets,LaSOT,downloaded,07_datasets/2018_LaSOT_1809.07845.pdf,LaSOT: A High-quality Benchmark for Large-scale Single Object Tracking,https://arxiv.org/abs/1809.07845,
corona2021meva,07_datasets,MEVA,downloaded,07_datasets/2020_MEVA_2012.00914.pdf,"MEVA: A Large-Scale Multiview, Multimodal Video Dataset for Activity Detection",https://arxiv.org/abs/2012.00914,
robicheaux2025rf100vl,07_datasets,RF100-VL,downloaded,07_datasets/2025_RF100-VL_2505.20612.pdf,Roboflow100-VL: A Multi-Domain Object Detection Benchmark for Vision-Language Models,https://arxiv.org/abs/2505.20612,
oquab2024dinov2,08_foundation_models,DINOv2,downloaded,08_foundation_models/2023_DINOv2_2304.07193.pdf,DINOv2: Learning Robust Visual Features without Supervision,https://arxiv.org/abs/2304.07193,
simeoni2025dinov3,08_foundation_models,DINOv3,downloaded,08_foundation_models/2025_DINOv3_2508.10104.pdf,DINOv3,https://arxiv.org/abs/2508.10104,
sam3_2025,08_foundation_models,SAM3,downloaded,08_foundation_models/2025_SAM3_2511.16719.pdf,SAM 3: Segment Anything with Concepts,https://arxiv.org/abs/2511.16719,
wang2025yoloe,08_foundation_models,YOLOE,downloaded,08_foundation_models/2025_YOLOE_2503.07465.pdf,YOLOE: Real-Time Seeing Anything,https://arxiv.org/abs/2503.07465,
chen2023fasternet,09_other_methods,FasterNet,downloaded,09_other_methods/2023_FasterNet_2303.03667.pdf,"Run, Don't Walk: Chasing Higher FLOPS for Faster Neural Networks",https://arxiv.org/abs/2303.03667,
liu2023efficientvit,09_other_methods,EfficientViT,downloaded,09_other_methods/2023_EfficientViT_2305.07027.pdf,EfficientViT: Memory Efficient Vision Transformer with Cascaded Group Attention,https://arxiv.org/abs/2305.07027,
liu2023dysample,09_other_methods,DySample,downloaded,09_other_methods/2023_DySample_2308.15085.pdf,Learning to Upsample by Learning to Sample,https://arxiv.org/abs/2308.15085,
kang2024asfyolo,09_other_methods,ASF-YOLO,downloaded,09_other_methods/2023_ASF-YOLO_2312.06458.pdf,ASF-YOLO: A Novel YOLO Model with Attentional Scale Sequence Fusion for Cell Instance Segmentation,https://arxiv.org/abs/2312.06458,
zhang2023inneriou,09_other_methods,Inner-IoU,downloaded,09_other_methods/2023_Inner-IoU_2311.02877.pdf,Inner-IoU: More Effective Intersection over Union Loss with Auxiliary Bounding Box,https://arxiv.org/abs/2311.02877,
ma2023mpdiou,09_other_methods,MPDIoU,downloaded,09_other_methods/2023_MPDIoU_2307.07662.pdf,MPDIoU: A Loss for Efficient and Accurate Bounding Box Regression,https://arxiv.org/abs/2307.07662,
ho2020ddpm,09_other_methods,DDPM,downloaded,09_other_methods/2020_DDPM_2006.11239.pdf,Denoising Diffusion Probabilistic Models,https://arxiv.org/abs/2006.11239,
song2021ddim,09_other_methods,DDIM,downloaded,09_other_methods/2020_DDIM_2010.02502.pdf,Denoising Diffusion Implicit Models,https://arxiv.org/abs/2010.02502,
ozdenizci2023weatherdiff,09_other_methods,WeatherDiff,downloaded,09_other_methods/2022_WeatherDiff_2207.14626.pdf,Restoring Vision in Adverse Weather Conditions with Patch-Based Denoising Diffusion Models,https://arxiv.org/abs/2207.14626,
euaiact2024,10_law_and_ethics,EU-AI-Act-Regulation-2024-1689,downloaded,10_law_and_ethics/2024_EU-AI-Act-Regulation-2024-1689.pdf,Regulation (EU) 2024/1689 (Artificial Intelligence Act),https://eur-lex.europa.eu/legal-content/EN/TXT/PDF/?uri=CELEX:32024R1689,
gdpr2016,10_law_and_ethics,GDPR-Regulation-2016-679,downloaded,10_law_and_ethics/2016_GDPR-Regulation-2016-679.pdf,Regulation (EU) 2016/679 (General Data Protection Regulation),https://eur-lex.europa.eu/legal-content/EN/TXT/PDF/?uri=CELEX:32016R0679,
peng2021stewardship,10_law_and_ethics,Dataset-stewardship-1000-papers,downloaded,10_law_and_ethics/2021_Dataset-stewardship-1000-papers_2108.02922.pdf,Mitigating Dataset Harms Requires Stewardship: Lessons from 1000 Papers,https://arxiv.org/abs/2108.02922,
dpdp2023,10_law_and_ethics,India-DPDP-Act-2023,not downloaded,,,,"official text: https://www.meity.gov.in (Digital Personal Data Protection Act, 2023)"
dpdprules2025,10_law_and_ethics,India-DPDP-Rules-2025,not downloaded,,,,notified November 2025; official text on meity.gov.in and egazette.gov.in
puttaswamy2017,10_law_and_ethics,Puttaswamy-2017,not downloaded,,,,"Supreme Court of India judgment, (2017) 10 SCC 1"
poi2011,10_law_and_ethics,Person-of-Interest,not downloaded,,,,"television series, not a paper"
mambassm_repo,02_state_space_models,mamba_ssm,not downloaded,,,,software: https://github.com/state-spaces/mamba
mambapy_repo,02_state_space_models,mamba.py,not downloaded,,,,software: https://github.com/alxndrTL/mamba.py
trackeval_repo,06_video_tracking_streaming,TrackEval,not downloaded,,,,software: https://github.com/JonathonLuiten/TrackEval
fastercocoeval_repo,07_datasets,faster-coco-eval,not downloaded,,,,software: https://github.com/MiXaiLL76/faster_coco_eval
pyav_repo,06_video_tracking_streaming,PyAV,not downloaded,,,,software: https://github.com/PyAV-Org/PyAV
gradio_repo,06_video_tracking_streaming,Gradio,not downloaded,,,,software: https://github.com/gradio-app/gradio
fastrtc_repo,06_video_tracking_streaming,FastRTC,not downloaded,,,,software: https://github.com/gradio-app/fastrtc
roboflowtrackers_repo,06_video_tracking_streaming,trackers,not downloaded,,,,software: https://github.com/roboflow/trackers
deepstream_docs,06_video_tracking_streaming,DeepStream,not downloaded,,,,documentation: https://docs.nvidia.com/metropolis/deepstream
